{
  "Answer relevancy": {
    "mean": 0.9092063492063491,
    "std": 0.18817231024290393,
    "scores": [
      0.5714285714285714,
      1.0,
      1.0,
      1.0,
      1.0,
      1.0,
      1.0,
      1.0,
      1.0,
      1.0,
      0.4,
      1.0,
      1.0,
      1.0,
      0.6666666666666666
    ]
  },
  "Faithfulness": {
    "mean": 0.8249999999999998,
    "std": 0.1640065491013946,
    "scores": [
      0.875,
      0.8333333333333334,
      1.0,
      1.0,
      0.6666666666666666,
      1.0,
      1.0,
      0.6666666666666666,
      1.0,
      0.75,
      0.6666666666666666,
      0.75,
      1.0,
      0.5,
      0.6666666666666666
    ]
  },
  "Hallucination": {
    "mean": 0.6,
    "std": 0.48989794855663565,
    "scores": [
      1.0,
      0.0,
      1.0,
      0.0,
      1.0,
      0.0,
      0.0,
      1.0,
      0.0,
      1.0,
      1.0,
      0.0,
      1.0,
      1.0,
      1.0
    ]
  },
  "Contextual relevancy": {
    "mean": 0.5037729293060657,
    "std": 0.17386730585156163,
    "scores": [
      0.5,
      0.4807692307692308,
      0.7659574468085106,
      0.575,
      0.41935483870967744,
      0.53125,
      0.675,
      0.5833333333333334,
      0.4576271186440678,
      0.65,
      0.44,
      0.76,
      0.34375,
      0.0967741935483871,
      0.2777777777777778
    ]
  },
  "Contextual precision": {
    "mean": 0.9705555555555556,
    "std": 0.04968574080665572,
    "scores": [
      1.0,
      0.8875,
      0.8875,
      1.0,
      1.0,
      0.8666666666666667,
      1.0,
      0.9166666666666666,
      1.0,
      1.0,
      1.0,
      1.0,
      1.0,
      1.0,
      1.0
    ]
  },
  "Contextual recall": {
    "mean": 0.8574074074074075,
    "std": 0.20358582447869356,
    "scores": [
      1.0,
      0.8333333333333334,
      1.0,
      1.0,
      1.0,
      1.0,
      0.5,
      1.0,
      0.4444444444444444,
      1.0,
      1.0,
      1.0,
      0.8333333333333334,
      0.5,
      0.75
    ]
  },
  "Retriever Uncertainity": {
    "mean": 0.23333333333333334,
    "std": 0.4027681991198191,
    "scores": [
      0.0,
      0.0,
      0.0,
      0.0,
      0.0,
      0.0,
      0.0,
      1.0,
      0.0,
      0.5,
      0.0,
      1.0,
      1.0,
      0.0,
      0.0
    ]
  },
  "Generator Uncertainity": {
    "mean": 0.8533333333333335,
    "std": 0.154344492037203,
    "scores": [
      1.0,
      0.8,
      0.8,
      1.0,
      0.4,
      0.8,
      0.8,
      1.0,
      1.0,
      1.0,
      1.0,
      0.8,
      0.8,
      0.8,
      0.8
    ]
  },
  "Oracle Uncertainity": {
    "mean": 0.25925925925925924,
    "std": 0.40908744508100964,
    "scores": [
      NaN,
      0.0,
      0.0,
      NaN,
      0.3333333333333333,
      0.0,
      0.0,
      NaN,
      NaN,
      NaN,
      NaN,
      1.0,
      1.0,
      0.0,
      0.0
    ]
  }
}