{
  "Answer relevancy": {
    "mean": 0.7401872201872202,
    "std": 0.24218842790268935,
    "scores": [
      0.3,
      0.23076923076923078,
      0.6666666666666666,
      0.6923076923076923,
      1.0,
      0.7777777777777778,
      0.7777777777777778,
      0.8333333333333334,
      1.0,
      0.7142857142857143,
      0.5384615384615384,
      1.0,
      1.0,
      1.0,
      0.5714285714285714
    ]
  },
  "Faithfulness": {
    "mean": 0.9324074074074074,
    "std": 0.11372692488180933,
    "scores": [
      1.0,
      0.6666666666666666,
      0.6666666666666666,
      1.0,
      1.0,
      1.0,
      0.8888888888888888,
      0.8888888888888888,
      1.0,
      1.0,
      1.0,
      0.875,
      1.0,
      1.0,
      1.0
    ]
  },
  "Hallucination": {
    "mean": 0.39333333333333337,
    "std": 0.4199118073190202,
    "scores": [
      0.0,
      0.0,
      0.0,
      0.6666666666666666,
      1.0,
      0.0,
      1.0,
      0.0,
      0.3333333333333333,
      1.0,
      0.4,
      0.0,
      0.5,
      0.0,
      1.0
    ]
  },
  "Contextual relevancy": {
    "mean": 0.37501440484778353,
    "std": 0.23375171202959122,
    "scores": [
      0.32,
      0.3333333333333333,
      0.47368421052631576,
      0.125,
      0.10344827586206896,
      0.24324324324324326,
      0.375,
      0.36,
      0.8974358974358975,
      0.7647058823529411,
      0.68,
      0.42857142857142855,
      0.21568627450980393,
      0.20833333333333334,
      0.0967741935483871
    ]
  },
  "Contextual precision": {
    "mean": 0.9006481481481482,
    "std": 0.13670398717571983,
    "scores": [
      1.0,
      1.0,
      1.0,
      0.7555555555555555,
      0.5,
      0.8333333333333333,
      0.8041666666666667,
      1.0,
      1.0,
      0.8666666666666667,
      0.9166666666666666,
      0.8333333333333333,
      1.0,
      1.0,
      1.0
    ]
  },
  "Contextual recall": {
    "mean": 0.6866666666666666,
    "std": 0.29276460016728645,
    "scores": [
      0.75,
      0.5,
      1.0,
      1.0,
      0.0,
      0.5,
      1.0,
      1.0,
      0.6666666666666666,
      0.2,
      1.0,
      0.75,
      0.6666666666666666,
      0.6,
      0.6666666666666666
    ]
  },
  "Retriever Uncertainity": {
    "mean": 0.2041269841269841,
    "std": 0.2604540872585126,
    "scores": [
      0.4,
      0.0,
      0.0,
      0.6666666666666666,
      0.0,
      0.0,
      0.5,
      0.0,
      0.42857142857142855,
      0.0,
      0.4,
      0.0,
      0.0,
      0.0,
      0.6666666666666666
    ]
  },
  "Generator Uncertainity": {
    "mean": 0.6266666666666667,
    "std": 0.19136933459209765,
    "scores": [
      0.4,
      0.6,
      0.8,
      0.4,
      0.4,
      0.8,
      0.6,
      0.8,
      0.6,
      0.8,
      0.2,
      0.8,
      0.8,
      0.8,
      0.6
    ]
  },
  "Oracle Uncertainity": {
    "mean": 0.31666666666666665,
    "std": 0.3525042684270068,
    "scores": [
      0.0,
      0.5,
      0.0,
      0.6666666666666666,
      0.3333333333333333,
      0.0,
      0.5,
      0.0,
      0.0,
      1.0,
      0.25,
      1.0,
      0.0,
      0.0,
      0.5
    ]
  }
}