{
  "Answer relevancy": {
    "mean": 0.8705555555555554,
    "std": 0.17493032122519703,
    "scores": [
      0.6,
      1.0,
      1.0,
      1.0,
      1.0,
      1.0,
      0.6666666666666666,
      0.5,
      1.0,
      1.0,
      0.75,
      0.875,
      1.0,
      1.0,
      0.6666666666666666
    ]
  },
  "Faithfulness": {
    "mean": 0.786031746031746,
    "std": 0.3108298047943615,
    "scores": [
      1.0,
      1.0,
      1.0,
      1.0,
      0.6666666666666666,
      1.0,
      1.0,
      1.0,
      0.1,
      0.8571428571428571,
      0.5,
      0.16666666666666666,
      1.0,
      0.5,
      1.0
    ]
  },
  "Hallucination": {
    "mean": 0.5,
    "std": 0.48304589153964794,
    "scores": [
      1.0,
      0.0,
      0.0,
      0.0,
      1.0,
      0.0,
      0.0,
      1.0,
      0.0,
      1.0,
      1.0,
      0.0,
      1.0,
      1.0,
      0.5
    ]
  },
  "Contextual relevancy": {
    "mean": 0.4325464750464751,
    "std": 0.14292894394137826,
    "scores": [
      0.625,
      0.575,
      0.5641025641025641,
      0.3055555555555556,
      0.3076923076923077,
      0.625,
      0.5,
      0.46153846153846156,
      0.44,
      0.5208333333333334,
      0.21428571428571427,
      0.5333333333333333,
      0.26666666666666666,
      0.1891891891891892,
      0.36
    ]
  },
  "Contextual precision": {
    "mean": 0.8955555555555554,
    "std": 0.2450598314445971,
    "scores": [
      0.8666666666666667,
      0.8333333333333333,
      1.0,
      1.0,
      0.9166666666666666,
      1.0,
      1.0,
      0.0,
      1.0,
      0.95,
      0.9166666666666666,
      1.0,
      1.0,
      0.95,
      1.0
    ]
  },
  "Contextual recall": {
    "mean": 0.8460317460317459,
    "std": 0.18203242147797685,
    "scores": [
      1.0,
      0.5,
      1.0,
      1.0,
      1.0,
      0.6,
      0.8571428571428571,
      1.0,
      0.8,
      1.0,
      1.0,
      1.0,
      0.6666666666666666,
      0.6,
      0.6666666666666666
    ]
  },
  "Retriever Uncertainity": {
    "mean": 0.13333333333333333,
    "std": 0.33993463423951903,
    "scores": [
      1.0,
      0.0,
      0.0,
      0.0,
      0.0,
      0.0,
      0.0,
      0.0,
      0.0,
      0.0,
      0.0,
      0.0,
      1.0,
      0.0,
      0.0
    ]
  },
  "Generator Uncertainity": {
    "mean": 0.8133333333333334,
    "std": 0.17074997966487596,
    "scores": [
      0.8,
      0.6,
      0.8,
      0.8,
      0.8,
      0.8,
      0.8,
      1.0,
      1.0,
      1.0,
      1.0,
      0.6,
      0.4,
      0.8,
      1.0
    ]
  },
  "Oracle Uncertainity": {
    "mean": 0.4,
    "std": 0.4358898943540674,
    "scores": [
      1.0,
      0.5,
      1.0,
      0.0,
      0.0,
      0.0,
      0.0,
      NaN,
      NaN,
      NaN,
      NaN,
      0.5,
      1.0,
      0.0,
      NaN
    ]
  }
}