{
  "Answer relevancy": {
    "mean": 0.22777777777777777,
    "std": 0.2603440752944885,
    "scores": [
      0.0,
      0.5,
      0.0,
      0.0,
      0.0,
      0.0,
      0.0,
      0.5,
      0.3333333333333333,
      0.5714285714285714,
      0.75,
      0.0,
      0.42857142857142855,
      0.3333333333333333,
      0.0
    ]
  },
  "Faithfulness": {
    "mean": 0.9,
    "std": 0.27080128015453203,
    "scores": [
      1.0,
      1.0,
      0.0,
      1.0,
      1.0,
      1.0,
      1.0,
      1.0,
      1.0,
      1.0,
      0.5,
      1.0,
      1.0,
      1.0,
      1.0
    ]
  },
  "Hallucination": {
    "mean": 1.0,
    "std": 0.0,
    "scores": [
      1.0,
      1.0,
      1.0,
      1.0,
      1.0,
      1.0,
      1.0,
      1.0,
      1.0,
      1.0,
      1.0,
      1.0,
      1.0,
      1.0,
      1.0
    ]
  },
  "Contextual relevancy": {
    "mean": 0.08484126984126984,
    "std": 0.12307817162913036,
    "scores": [
      0.0,
      0.3333333333333333,
      0.0,
      0.0,
      0.0,
      0.13333333333333333,
      0.0,
      0.16666666666666666,
      0.0,
      0.38095238095238093,
      0.0,
      0.0,
      0.125,
      0.13333333333333333,
      0.0
    ]
  },
  "Contextual precision": {
    "mean": 0.3333333333333333,
    "std": 0.47140452079103173,
    "scores": [
      0.0,
      0.0,
      0.0,
      0.0,
      0.0,
      0.0,
      0.0,
      1.0,
      0.0,
      1.0,
      1.0,
      0.0,
      1.0,
      1.0,
      0.0
    ]
  },
  "Contextual recall": {
    "mean": 0.20777777777777778,
    "std": 0.1765792935583905,
    "scores": [
      0.0,
      0.0,
      0.25,
      0.25,
      0.0,
      0.25,
      0.4,
      0.2,
      0.4,
      0.5,
      0.5,
      0.0,
      0.2,
      0.16666666666666666,
      0.0
    ]
  },
  "Retriever Uncertainity": {
    "mean": 1.0,
    "std": 0.0,
    "scores": [
      1.0,
      1.0,
      1.0,
      1.0,
      1.0,
      1.0,
      1.0,
      1.0,
      1.0,
      1.0,
      1.0,
      1.0,
      1.0,
      1.0,
      1.0
    ]
  },
  "Generator Uncertainity": {
    "mean": 0.9600000000000002,
    "std": 0.07999999999999999,
    "scores": [
      1.0,
      1.0,
      1.0,
      1.0,
      1.0,
      1.0,
      1.0,
      1.0,
      1.0,
      0.8,
      0.8,
      1.0,
      0.8,
      1.0,
      1.0
    ]
  },
  "Oracle Uncertainity": {
    "mean": 1.0,
    "std": 0.0,
    "scores": [
      NaN,
      NaN,
      NaN,
      NaN,
      NaN,
      NaN,
      NaN,
      NaN,
      NaN,
      1.0,
      1.0,
      NaN,
      1.0,
      NaN,
      NaN
    ]
  }
}