{
  "Answer relevancy": {
    "mean": 0.8478787878787879,
    "std": 0.23825762794879873,
    "scores": [
      0.4,
      1.0,
      0.6666666666666666,
      1.0,
      1.0,
      1.0,
      1.0,
      0.5,
      1.0,
      1.0,
      1.0,
      0.8181818181818182,
      1.0,
      0.3333333333333333,
      1.0
    ]
  },
  "Faithfulness": {
    "mean": 0.8436507936507935,
    "std": 0.17030421996198647,
    "scores": [
      1.0,
      0.75,
      0.6666666666666666,
      1.0,
      0.6666666666666666,
      1.0,
      0.6666666666666666,
      1.0,
      0.6666666666666666,
      0.5714285714285714,
      1.0,
      1.0,
      1.0,
      1.0,
      0.6666666666666666
    ]
  },
  "Hallucination": {
    "mean": 0.6333333333333333,
    "std": 0.4642796092394707,
    "scores": [
      1.0,
      0.0,
      1.0,
      0.0,
      1.0,
      0.0,
      0.0,
      1.0,
      1.0,
      0.5,
      1.0,
      0.0,
      1.0,
      1.0,
      1.0
    ]
  },
  "Contextual relevancy": {
    "mean": 0.49850589186667715,
    "std": 0.16213129530961554,
    "scores": [
      0.5263157894736842,
      0.65,
      0.36666666666666664,
      0.44,
      0.34375,
      0.47619047619047616,
      0.6136363636363636,
      0.41379310344827586,
      0.6415094339622641,
      0.7291666666666666,
      0.15217391304347827,
      0.62,
      0.75,
      0.42105263157894735,
      0.3333333333333333
    ]
  },
  "Contextual precision": {
    "mean": 0.8502777777777778,
    "std": 0.33710527900909903,
    "scores": [
      1.0,
      1.0,
      1.0,
      1.0,
      0.95,
      1.0,
      1.0,
      0.0,
      1.0,
      0.8041666666666667,
      1.0,
      1.0,
      1.0,
      0.0,
      1.0
    ]
  },
  "Contextual recall": {
    "mean": 0.790079365079365,
    "std": 0.31831581159013955,
    "scores": [
      1.0,
      1.0,
      1.0,
      0.5,
      1.0,
      0.6666666666666666,
      1.0,
      0.14285714285714285,
      0.375,
      1.0,
      1.0,
      1.0,
      1.0,
      0.16666666666666666,
      1.0
    ]
  },
  "Retriever Uncertainity": {
    "mean": 0.26666666666666666,
    "std": 0.44221663871405337,
    "scores": [
      1.0,
      0.0,
      0.0,
      0.0,
      0.0,
      0.0,
      0.0,
      1.0,
      0.0,
      0.0,
      0.0,
      0.0,
      1.0,
      1.0,
      0.0
    ]
  },
  "Generator Uncertainity": {
    "mean": 0.8266666666666669,
    "std": 0.09977753031397177,
    "scores": [
      0.8,
      0.8,
      0.8,
      0.8,
      0.6,
      0.8,
      0.8,
      1.0,
      1.0,
      0.8,
      0.8,
      0.8,
      0.8,
      1.0,
      0.8
    ]
  },
  "Oracle Uncertainity": {
    "mean": 0.5833333333333334,
    "std": 0.4930066485916347,
    "scores": [
      1.0,
      0.0,
      1.0,
      1.0,
      1.0,
      0.0,
      0.0,
      NaN,
      NaN,
      0.0,
      1.0,
      1.0,
      1.0,
      NaN,
      0.0
    ]
  }
}