{
  "Answer relevancy": {
    "mean": 0.7138095238095238,
    "std": 0.3483187131434743,
    "scores": [
      0.3333333333333333,
      1.0,
      0.75,
      0.6,
      1.0,
      0.5,
      1.0,
      0.0,
      1.0,
      1.0,
      1.0,
      0.8571428571428571,
      1.0,
      0.0,
      0.6666666666666666
    ]
  },
  "Faithfulness": {
    "mean": 0.7436507936507936,
    "std": 0.25595207333560943,
    "scores": [
      0.75,
      0.75,
      0.75,
      1.0,
      0.6666666666666666,
      1.0,
      0.75,
      1.0,
      0.5,
      0.5714285714285714,
      0.6666666666666666,
      0.75,
      1.0,
      0.0,
      1.0
    ]
  },
  "Hallucination": {
    "mean": 0.5,
    "std": 0.48304589153964794,
    "scores": [
      1.0,
      0.0,
      0.0,
      0.0,
      1.0,
      0.0,
      0.0,
      1.0,
      0.0,
      0.5,
      1.0,
      0.0,
      1.0,
      1.0,
      1.0
    ]
  },
  "Contextual relevancy": {
    "mean": 0.5004198887457297,
    "std": 0.15667417589020524,
    "scores": [
      0.6153846153846154,
      0.5454545454545454,
      0.55,
      0.46153846153846156,
      0.41379310344827586,
      0.5,
      0.5769230769230769,
      0.2903225806451613,
      0.6666666666666666,
      0.7,
      0.30434782608695654,
      0.5555555555555556,
      0.7727272727272727,
      0.34146341463414637,
      0.21212121212121213
    ]
  },
  "Contextual precision": {
    "mean": 0.837314814814815,
    "std": 0.33675973024132283,
    "scores": [
      1.0,
      1.0,
      1.0,
      0.8041666666666667,
      1.0,
      1.0,
      1.0,
      0.0,
      1.0,
      0.7555555555555555,
      1.0,
      1.0,
      1.0,
      0.0,
      1.0
    ]
  },
  "Contextual recall": {
    "mean": 0.8348148148148148,
    "std": 0.19137220178466938,
    "scores": [
      0.8,
      1.0,
      1.0,
      0.5555555555555556,
      1.0,
      0.6,
      1.0,
      0.6,
      1.0,
      0.6666666666666666,
      1.0,
      1.0,
      0.8,
      0.5,
      1.0
    ]
  },
  "Retriever Uncertainity": {
    "mean": 0.26666666666666666,
    "std": 0.44221663871405337,
    "scores": [
      1.0,
      0.0,
      0.0,
      0.0,
      0.0,
      0.0,
      0.0,
      1.0,
      0.0,
      0.0,
      0.0,
      0.0,
      1.0,
      1.0,
      0.0
    ]
  },
  "Generator Uncertainity": {
    "mean": 0.8000000000000002,
    "std": 0.10327955589886445,
    "scores": [
      0.8,
      0.8,
      0.8,
      0.8,
      0.6,
      0.8,
      0.8,
      1.0,
      0.6,
      0.8,
      0.8,
      0.8,
      0.8,
      1.0,
      0.8
    ]
  },
  "Oracle Uncertainity": {
    "mean": 0.6153846153846154,
    "std": 0.48650425541051995,
    "scores": [
      1.0,
      0.0,
      1.0,
      1.0,
      1.0,
      0.0,
      0.0,
      NaN,
      1.0,
      0.0,
      1.0,
      1.0,
      1.0,
      NaN,
      0.0
    ]
  }
}