{
  "Answer relevancy": {
    "mean": 0.806952861952862,
    "std": 0.1868157825435947,
    "scores": [
      0.7777777777777778,
      1.0,
      0.6666666666666666,
      1.0,
      1.0,
      0.8333333333333334,
      0.5,
      1.0,
      0.6666666666666666,
      0.8,
      0.75,
      1.0,
      0.375,
      0.8181818181818182,
      0.9166666666666666
    ]
  },
  "Faithfulness": {
    "mean": 0.8486243386243386,
    "std": 0.16056570090548675,
    "scores": [
      0.5555555555555556,
      0.6666666666666666,
      0.8333333333333334,
      1.0,
      1.0,
      0.8,
      1.0,
      1.0,
      1.0,
      0.6666666666666666,
      1.0,
      0.6,
      0.75,
      0.8571428571428571,
      1.0
    ]
  },
  "Hallucination": {
    "mean": 0.43333333333333335,
    "std": 0.4422166387140533,
    "scores": [
      1.0,
      0.0,
      0.5,
      1.0,
      0.5,
      1.0,
      0.0,
      0.0,
      0.0,
      0.5,
      1.0,
      1.0,
      0.0,
      0.0,
      0.0
    ]
  },
  "Contextual relevancy": {
    "mean": 0.5156698657229642,
    "std": 0.24783396499013763,
    "scores": [
      0.375,
      0.7407407407407407,
      0.7586206896551724,
      0.2608695652173913,
      0.782608695652174,
      0.7727272727272727,
      0.14285714285714285,
      0.07692307692307693,
      0.5357142857142857,
      0.6551724137931034,
      0.8846153846153846,
      0.38461538461538464,
      0.40625,
      0.6666666666666666,
      0.2916666666666667
    ]
  },
  "Contextual precision": {
    "mean": 0.9525925925925927,
    "std": 0.0890014719133537,
    "scores": [
      1.0,
      1.0,
      1.0,
      1.0,
      1.0,
      0.95,
      1.0,
      1.0,
      0.7555555555555555,
      1.0,
      1.0,
      1.0,
      0.8333333333333333,
      1.0,
      0.75
    ]
  },
  "Contextual recall": {
    "mean": 0.7198412698412698,
    "std": 0.19476843755618517,
    "scores": [
      1.0,
      0.7142857142857143,
      0.8,
      0.5,
      0.6666666666666666,
      0.6666666666666666,
      1.0,
      0.6,
      1.0,
      1.0,
      0.6,
      0.6,
      0.5,
      0.75,
      0.4
    ]
  },
  "Retriever Uncertainity": {
    "mean": 0.2,
    "std": 0.3559026084010438,
    "scores": [
      1.0,
      0.0,
      0.0,
      1.0,
      0.0,
      0.0,
      0.0,
      0.0,
      0.0,
      0.5,
      0.0,
      0.0,
      0.0,
      0.0,
      0.5
    ]
  },
  "Generator Uncertainity": {
    "mean": 0.76,
    "std": 0.10832051206181283,
    "scores": [
      0.8,
      0.8,
      0.8,
      0.8,
      0.6,
      1.0,
      0.8,
      0.8,
      0.8,
      0.8,
      0.6,
      0.6,
      0.8,
      0.6,
      0.8
    ]
  },
  "Oracle Uncertainity": {
    "mean": 0.25,
    "std": 0.36596252735569995,
    "scores": [
      1.0,
      0.0,
      0.0,
      1.0,
      0.0,
      NaN,
      0.0,
      0.0,
      0.0,
      0.0,
      0.5,
      0.5,
      0.0,
      0.5,
      0.0
    ]
  }
}