{
  "Answer relevancy": {
    "mean": 0.8726190476190477,
    "std": 0.20293807536749342,
    "scores": [
      0.75,
      1.0,
      0.7142857142857143,
      0.25,
      1.0,
      1.0,
      1.0,
      1.0,
      0.6666666666666666,
      1.0,
      1.0,
      1.0,
      0.8333333333333334,
      1.0,
      0.875
    ]
  },
  "Faithfulness": {
    "mean": 0.8281746031746031,
    "std": 0.2132566413074359,
    "scores": [
      0.5,
      1.0,
      1.0,
      0.5,
      0.5,
      0.5,
      1.0,
      1.0,
      1.0,
      1.0,
      0.875,
      0.8333333333333334,
      1.0,
      0.7142857142857143,
      1.0
    ]
  },
  "Hallucination": {
    "mean": 0.4,
    "std": 0.45460605656619524,
    "scores": [
      1.0,
      0.0,
      0.5,
      1.0,
      0.5,
      1.0,
      0.0,
      0.0,
      0.0,
      0.0,
      1.0,
      1.0,
      0.0,
      0.0,
      0.0
    ]
  },
  "Contextual relevancy": {
    "mean": 0.5691257973094418,
    "std": 0.2392864540477002,
    "scores": [
      0.3939393939393939,
      0.5833333333333334,
      0.7692307692307693,
      0.2,
      0.84,
      0.8125,
      0.3333333333333333,
      0.047619047619047616,
      0.7777777777777778,
      0.3870967741935484,
      0.8148148148148148,
      0.5263157894736842,
      0.5925925925925926,
      0.75,
      0.7083333333333334
    ]
  },
  "Contextual precision": {
    "mean": 0.8847222222222223,
    "std": 0.11383806454025651,
    "scores": [
      1.0,
      0.7555555555555555,
      1.0,
      0.8055555555555555,
      1.0,
      0.8666666666666667,
      0.75,
      0.7000000000000001,
      1.0,
      0.7555555555555555,
      1.0,
      1.0,
      0.8333333333333333,
      1.0,
      0.8041666666666667
    ]
  },
  "Contextual recall": {
    "mean": 0.7933333333333333,
    "std": 0.19049642749639398,
    "scores": [
      1.0,
      1.0,
      0.75,
      0.6,
      1.0,
      1.0,
      0.5,
      1.0,
      0.6,
      0.5,
      1.0,
      0.75,
      0.6,
      0.8,
      0.8
    ]
  },
  "Retriever Uncertainity": {
    "mean": 0.16666666666666666,
    "std": 0.2981423969999719,
    "scores": [
      1.0,
      0.0,
      0.0,
      0.5,
      0.0,
      0.0,
      0.0,
      0.0,
      0.0,
      0.5,
      0.0,
      0.0,
      0.0,
      0.0,
      0.5
    ]
  },
  "Generator Uncertainity": {
    "mean": 0.7600000000000001,
    "std": 0.08000000000000003,
    "scores": [
      0.8,
      0.8,
      0.8,
      0.8,
      0.6,
      0.8,
      0.8,
      0.8,
      0.8,
      0.8,
      0.6,
      0.6,
      0.8,
      0.8,
      0.8
    ]
  },
  "Oracle Uncertainity": {
    "mean": 0.23333333333333334,
    "std": 0.3590109871423003,
    "scores": [
      1.0,
      0.0,
      0.0,
      1.0,
      0.5,
      0.0,
      0.0,
      0.0,
      0.0,
      0.0,
      0.5,
      0.5,
      0.0,
      0.0,
      0.0
    ]
  }
}