{
  "Answer relevancy": {
    "mean": 0.7588888888888888,
    "std": 0.33691776481348323,
    "scores": [
      0.5,
      0.8,
      0.75,
      1.0,
      1.0,
      0.6666666666666666,
      1.0,
      0.0,
      1.0,
      1.0,
      1.0,
      1.0,
      1.0,
      0.0,
      0.6666666666666666
    ]
  },
  "Faithfulness": {
    "mean": 0.7466137566137566,
    "std": 0.267808475557886,
    "scores": [
      0.75,
      1.0,
      0.6666666666666666,
      0.6666666666666666,
      0.0,
      1.0,
      1.0,
      0.5,
      0.6,
      0.7777777777777778,
      0.6666666666666666,
      0.5714285714285714,
      1.0,
      1.0,
      1.0
    ]
  },
  "Hallucination": {
    "mean": 0.5,
    "std": 0.48304589153964794,
    "scores": [
      1.0,
      0.0,
      1.0,
      0.0,
      0.5,
      0.0,
      0.0,
      1.0,
      0.0,
      1.0,
      0.0,
      0.0,
      1.0,
      1.0,
      1.0
    ]
  },
  "Contextual relevancy": {
    "mean": 0.515551576695131,
    "std": 0.19146886241238453,
    "scores": [
      0.3888888888888889,
      0.5333333333333333,
      0.6595744680851063,
      0.6071428571428571,
      0.4,
      0.5483870967741935,
      0.5531914893617021,
      0.7142857142857143,
      0.7083333333333334,
      0.5625,
      0.17073170731707318,
      0.2857142857142857,
      0.7916666666666666,
      0.14285714285714285,
      0.6666666666666666
    ]
  },
  "Contextual precision": {
    "mean": 0.8447222222222223,
    "std": 0.3342365078950481,
    "scores": [
      0.9166666666666666,
      0.8875,
      1.0,
      1.0,
      0.8666666666666667,
      1.0,
      1.0,
      0.0,
      1.0,
      1.0,
      1.0,
      1.0,
      1.0,
      0.0,
      1.0
    ]
  },
  "Contextual recall": {
    "mean": 0.8119047619047619,
    "std": 0.31378387061848395,
    "scores": [
      1.0,
      1.0,
      1.0,
      1.0,
      1.0,
      0.2,
      0.25,
      0.9285714285714286,
      0.2,
      1.0,
      0.6,
      1.0,
      1.0,
      1.0,
      1.0
    ]
  },
  "Retriever Uncertainity": {
    "mean": 0.13333333333333333,
    "std": 0.33993463423951903,
    "scores": [
      0.0,
      0.0,
      0.0,
      0.0,
      0.0,
      0.0,
      0.0,
      0.0,
      0.0,
      0.0,
      0.0,
      0.0,
      1.0,
      1.0,
      0.0
    ]
  },
  "Generator Uncertainity": {
    "mean": 0.8133333333333332,
    "std": 0.15434449203720302,
    "scores": [
      0.8,
      0.6,
      0.8,
      0.8,
      0.8,
      0.8,
      0.8,
      1.0,
      0.6,
      1.0,
      1.0,
      0.6,
      0.6,
      1.0,
      1.0
    ]
  },
  "Oracle Uncertainity": {
    "mean": 0.35,
    "std": 0.39051248379533277,
    "scores": [
      0.0,
      0.5,
      0.0,
      1.0,
      0.0,
      0.0,
      0.0,
      NaN,
      0.5,
      NaN,
      NaN,
      0.5,
      1.0,
      NaN,
      NaN
    ]
  }
}