{
  "Answer relevancy": {
    "mean": 0.7987938912938912,
    "std": 0.19280353647636034,
    "scores": [
      0.375,
      0.875,
      0.6666666666666666,
      0.9090909090909091,
      1.0,
      1.0,
      0.6666666666666666,
      0.8888888888888888,
      0.8,
      0.5714285714285714,
      0.8125,
      0.5,
      1.0,
      1.0,
      0.9166666666666666
    ]
  },
  "Faithfulness": {
    "mean": 1.0,
    "std": 0.0,
    "scores": [
      1.0,
      1.0,
      1.0,
      1.0,
      1.0,
      1.0,
      1.0,
      1.0,
      1.0,
      1.0,
      1.0,
      1.0,
      1.0,
      1.0,
      1.0
    ]
  },
  "Hallucination": {
    "mean": 0.43619047619047624,
    "std": 0.39849983237401293,
    "scores": [
      0.0,
      1.0,
      0.0,
      0.3333333333333333,
      1.0,
      0.0,
      0.5,
      1.0,
      0.14285714285714285,
      1.0,
      0.4,
      0.0,
      0.5,
      0.0,
      0.6666666666666666
    ]
  },
  "Contextual relevancy": {
    "mean": 0.4980929543323432,
    "std": 0.208711794337719,
    "scores": [
      0.39285714285714285,
      0.3333333333333333,
      0.5,
      0.125,
      0.6428571428571429,
      0.4090909090909091,
      0.5909090909090909,
      0.5714285714285714,
      0.8974358974358975,
      0.7222222222222222,
      0.8571428571428571,
      0.42105263157894735,
      0.39285714285714285,
      0.25806451612903225,
      0.35714285714285715
    ]
  },
  "Contextual precision": {
    "mean": 0.9581481481481481,
    "std": 0.06660079049774527,
    "scores": [
      1.0,
      1.0,
      1.0,
      0.8666666666666667,
      1.0,
      0.8333333333333333,
      0.9166666666666666,
      1.0,
      0.95,
      1.0,
      0.8055555555555555,
      1.0,
      1.0,
      1.0,
      1.0
    ]
  },
  "Contextual recall": {
    "mean": 0.6868253968253968,
    "std": 0.2351417877958974,
    "scores": [
      0.75,
      0.2,
      0.6,
      0.8,
      1.0,
      0.5,
      0.8,
      0.42857142857142855,
      0.8571428571428571,
      0.5,
      0.8,
      0.4,
      1.0,
      0.6666666666666666,
      1.0
    ]
  },
  "Retriever Uncertainity": {
    "mean": 0.23523809523809522,
    "std": 0.3010176742512642,
    "scores": [
      0.4,
      1.0,
      0.0,
      0.6666666666666666,
      0.0,
      0.0,
      0.5,
      0.0,
      0.42857142857142855,
      0.0,
      0.2,
      0.0,
      0.0,
      0.0,
      0.3333333333333333
    ]
  },
  "Generator Uncertainity": {
    "mean": 0.5866666666666667,
    "std": 0.24729649321321878,
    "scores": [
      0.2,
      0.8,
      0.6,
      0.6,
      0.6,
      0.4,
      0.8,
      0.8,
      0.4,
      0.8,
      0.0,
      0.8,
      0.8,
      0.8,
      0.4
    ]
  },
  "Oracle Uncertainity": {
    "mean": 0.42999999999999994,
    "std": 0.3987108856933434,
    "scores": [
      0.25,
      1.0,
      0.5,
      0.5,
      1.0,
      0.6666666666666666,
      1.0,
      0.0,
      0.0,
      1.0,
      0.2,
      0.0,
      0.0,
      0.0,
      0.3333333333333333
    ]
  }
}