{
  "Answer relevancy": {
    "mean": 0.8200000000000001,
    "std": 0.29641062609032637,
    "scores": [
      0.25,
      0.8,
      1.0,
      1.0,
      1.0,
      1.0,
      1.0,
      1.0,
      1.0,
      1.0,
      1.0,
      0.75,
      0.8333333333333334,
      0.0,
      0.6666666666666666
    ]
  },
  "Faithfulness": {
    "mean": 0.7722222222222221,
    "std": 0.2957518145379147,
    "scores": [
      1.0,
      1.0,
      0.75,
      1.0,
      0.3333333333333333,
      1.0,
      0.6666666666666666,
      0.5,
      0.0,
      1.0,
      1.0,
      0.6666666666666666,
      1.0,
      1.0,
      0.6666666666666666
    ]
  },
  "Hallucination": {
    "mean": 0.5666666666666667,
    "std": 0.4784233364802441,
    "scores": [
      1.0,
      0.0,
      1.0,
      0.0,
      1.0,
      0.0,
      0.0,
      1.0,
      1.0,
      1.0,
      0.0,
      0.0,
      1.0,
      1.0,
      0.5
    ]
  },
  "Contextual relevancy": {
    "mean": 0.5473941822258266,
    "std": 0.17545153841129046,
    "scores": [
      0.6666666666666666,
      0.7,
      0.6428571428571429,
      0.5142857142857142,
      0.4,
      0.5135135135135135,
      0.4772727272727273,
      0.7096774193548387,
      0.5882352941176471,
      0.723404255319149,
      0.225,
      0.5961538461538461,
      0.8,
      0.15384615384615385,
      0.5
    ]
  },
  "Contextual precision": {
    "mean": 0.8839814814814815,
    "std": 0.24805978940990225,
    "scores": [
      1.0,
      0.7555555555555555,
      1.0,
      0.8333333333333333,
      0.8875,
      1.0,
      0.9166666666666666,
      1.0,
      1.0,
      1.0,
      1.0,
      1.0,
      1.0,
      0.0,
      0.8666666666666667
    ]
  },
  "Contextual recall": {
    "mean": 0.8212698412698413,
    "std": 0.2656833723080683,
    "scores": [
      1.0,
      0.6,
      1.0,
      0.6,
      1.0,
      0.8333333333333334,
      0.2,
      1.0,
      0.2857142857142857,
      1.0,
      0.8,
      1.0,
      1.0,
      1.0,
      1.0
    ]
  },
  "Retriever Uncertainity": {
    "mean": 0.13333333333333333,
    "std": 0.33993463423951903,
    "scores": [
      0.0,
      0.0,
      0.0,
      0.0,
      0.0,
      0.0,
      0.0,
      0.0,
      0.0,
      0.0,
      0.0,
      0.0,
      1.0,
      1.0,
      0.0
    ]
  },
  "Generator Uncertainity": {
    "mean": 0.8266666666666667,
    "std": 0.14360439485692011,
    "scores": [
      0.8,
      0.6,
      0.8,
      0.8,
      1.0,
      0.8,
      0.8,
      0.8,
      1.0,
      1.0,
      1.0,
      0.6,
      0.6,
      1.0,
      0.8
    ]
  },
  "Oracle Uncertainity": {
    "mean": 0.4,
    "std": 0.4358898943540674,
    "scores": [
      0.0,
      0.5,
      0.0,
      1.0,
      NaN,
      0.0,
      0.0,
      1.0,
      NaN,
      NaN,
      NaN,
      0.5,
      1.0,
      NaN,
      0.0
    ]
  }
}