{
  "Answer relevancy": {
    "mean": 0.7755555555555556,
    "std": 0.34220779190355405
  },
  "Faithfulness": {
    "mean": 0.6555555555555554,
    "std": 0.3801883873509858
  },
  "Hallucination": {
    "mean": 0.5333333333333333,
    "std": 0.4988876515698588
  },
  "Contextual relevancy": {
    "mean": 0.5003283158056795,
    "std": 0.1638879465687516
  },
  "Contextual precision": {
    "mean": 0.8359259259259259,
    "std": 0.33389992997500223
  },
  "Contextual recall": {
    "mean": 0.8305291005291006,
    "std": 0.2461376912472897
  },
  "Retriever Uncertainity": {
    "mean": 0.13333333333333333,
    "std": 0.33993463423951903
  },
  "Generator Uncertainity": {
    "mean": 0.8133333333333332,
    "std": 0.15434449203720302
  },
  "Oracle Uncertainity": {
    "mean": 0.35,
    "std": 0.39051248379533277
  }
}